text,user,ts,thread_ts
Leaderboard Update,U09BZRB5LMQ,1756176350.662899,1756176350.662899
"*Full Throwing Leaderboard*
",U09BZRB5LMQ,1756176352.949419,1756176350.662899
"*Full Workout Leaderboard*
",U09BZRB5LMQ,1756176355.313589,1756176350.662899
<@U09BZRB5LMQ> has joined the channel,U09BZRB5LMQ,1756175869.102499,
<@U09C3KUMH4L> has joined the channel,U09C3KUMH4L,1756170275.310149,
bot rules:,U08SA14R804,1757105442.491509,
!recovery pt appt typeshi,U08SA17NKTN,1757102945.278419,
!recovery stretching ,U09E44Y8KGQ,1757049409.579579,
supa light legs,U08SA11U9U4,1757010401.298509,
30 min of rowing + battle ropes + sauna,U09E49X4YQG,1756958458.058359,
1.5 hours backside lift,U09DGGMTWNA,1756955578.307869,
Chain praccy this fine evening. Now back to being an academic weapon!,U097TN7UCKA,1756948867.450939,
little fb gym,U09DC98LVQW,1756947318.476369,
Outlaws practice + light full body gym and pt,U09E59QR3KJ,1756947251.818699,
pt this morning: calm luh shock therapy thing and cupping and core ,U08SA17NKTN,1756933335.647749,
Legs how did I miss yall,U09D9SV9821,1756933235.143369,
Hammy (backshots) pt w/ DX sweat monster,U09D72BBN59,1756933198.606679,
Light legs in gangsta living center,U09E44Y8KGQ,1756933078.941939,
<@U09DC98LVQW> has joined the channel,U09DC98LVQW,1756907520.131879,
<@U09DB6PQ350> has joined the channel,U09DB6PQ350,1756907445.951469,
<@U09E49X4YQG> has joined the channel,U09E49X4YQG,1756907397.810219,
<@U09DFCG1PLL> has joined the channel,U09DFCG1PLL,1756906917.353909,
<@U09E477LV6U> has joined the channel,U09E477LV6U,1756906587.250509,
<@U09E44Y8KGQ> has joined the channel,U09E44Y8KGQ,1756905953.950609,
<@U09DB13JAD8> has joined the channel,U09DB13JAD8,1756905860.791389,
<@U09E44224QG> has joined the channel,U09E44224QG,1756905623.747319,
<@U09E43UKLRE> has joined the channel,U09E43UKLRE,1756905548.213249,
<@U09DC01N2EA> has joined the channel,U09DC01N2EA,1756904720.107829,
<@U09D6BCJNJX> has joined the channel,U09D6BCJNJX,1756904688.236139,
<@U09DASAU350> has joined the channel,U09DASAU350,1756904574.317299,
!chris,U09E44Y8KGQ,1757115661.545879,
!cardio bike,U09DCTQTYGJ,1757361732.461089,
<!channel> bot activates today,U08SA14R804,1757358679.257589,
!throw 60,U09E44224QG,1757357878.362449,1757357878.362449
!throw 85,U09DC01N2EA,1757358561.391109,1757357878.362449
!throw 45,U09DFCG1PLL,1757357326.121719,1757357326.121719
!recovery pt,U09DFCG1PLL,1757367432.714179,1757357326.121719
!cardio sectional champs ,U09E44Y8KGQ,1757272419.588949,
"*Weekly Throwing Update!*
Overall Progress: 11/26 reached 60 minutes
1385 total minutes of throwing
:star2: thrower: <@U09E44224QG> with 155 minutes
*Team Weekly Progress:* 61% of goal reached",U09BZRB5LMQ,1757777154.248449,1757777154.248449
"*Under 60 minutes:*
<@U08SA14R804> - 5 minutes left
<@U08SA11U9U4> - 15 minutes left
<@U09D72BBN59> - 15 minutes left
<@U09D9SV9821> - 20 minutes left
<@U09DCTQTYGJ> - 30 minutes left
<@U09DB13JAD8> - 30 minutes left
<@U09DC98LVQW> - 35 minutes left
<@U09E49X4YQG> - 40 minutes left
<@U09D9JCTUCV> - 45 minutes left
<@U08SA17NKTN> - 60 minutes left
<@U09D6BCJNJX> - 60 minutes left
<@U09DA8TV091> - 60 minutes left
<@U09DCAD8MSS> - 60 minutes left
<@U09E4RP4LDN> - 60 minutes left
<@U09E6TNLD7D> - 60 minutes left",U09BZRB5LMQ,1757777157.423339,1757777154.248449
"*Weekly Throwing Update!*
Overall Progress: 11/26 reached 60 minutes
1385 total minutes of throwing
:star2: thrower: <@U09E44224QG> with 155 minutes
*Team Weekly Progress:* 61% of goal reached",U09BZRB5LMQ,1757776933.643659,1757776933.643659
"*Under 60 minutes:*
<@U08SA14R804> - 5 minutes left
<@U08SA11U9U4> - 15 minutes left
<@U09D72BBN59> - 15 minutes left
<@U09D9SV9821> - 20 minutes left
<@U09DCTQTYGJ> - 30 minutes left
<@U09DB13JAD8> - 30 minutes left
<@U09DC98LVQW> - 35 minutes left
<@U09E49X4YQG> - 40 minutes left
<@U09D9JCTUCV> - 45 minutes left
<@U08SA17NKTN> - 60 minutes left
<@U09D6BCJNJX> - 60 minutes left
<@U09DA8TV091> - 60 minutes left
<@U09DCAD8MSS> - 60 minutes left
<@U09E4RP4LDN> - 60 minutes left
<@U09E6TNLD7D> - 60 minutes left",U09BZRB5LMQ,1757776937.067439,1757776933.643659
"*Weekly Throwing Update!*
Overall Progress: 11/26 reached 60 minutes
1385 total minutes of throwing
:star2: thrower: <@U09E44224QG> with 155 minutes
*Team Weekly Progress:* 61% of goal reached",U09BZRB5LMQ,1757776889.947019,1757776889.947019
"*Under 60 minutes:*
<@U08SA14R804> - 5 minutes left
<@U08SA11U9U4> - 15 minutes left
<@U09D72BBN59> - 15 minutes left
<@U09D9SV9821> - 20 minutes left
<@U09DCTQTYGJ> - 30 minutes left
<@U09DB13JAD8> - 30 minutes left
<@U09DC98LVQW> - 35 minutes left
<@U09E49X4YQG> - 40 minutes left
<@U09D9JCTUCV> - 45 minutes left
<@U08SA17NKTN> - 60 minutes left
<@U09D6BCJNJX> - 60 minutes left
<@U09DA8TV091> - 60 minutes left
<@U09DCAD8MSS> - 60 minutes left
<@U09E4RP4LDN> - 60 minutes left
<@U09E6TNLD7D> - 60 minutes left",U09BZRB5LMQ,1757776893.001339,1757776889.947019
"*Weekly Throwing Update!*
Overall Progress: 11/26 reached 60 minutes
1385 total minutes of throwing
:star2: thrower: <@U09E44224QG> with 155 minutes
*Team Weekly Progress:* 61% of goal reached",U09BZRB5LMQ,1757776822.014659,1757776822.014659
"*Under 60 minutes:*
<@U08SA14R804> - 5 minutes left
<@U08SA11U9U4> - 15 minutes left
<@U09D72BBN59> - 15 minutes left
<@U09D9SV9821> - 20 minutes left
<@U09DCTQTYGJ> - 30 minutes left
<@U09DB13JAD8> - 30 minutes left
<@U09DC98LVQW> - 35 minutes left
<@U09E49X4YQG> - 40 minutes left
<@U09D9JCTUCV> - 45 minutes left
<@U08SA17NKTN> - 60 minutes left
<@U09D6BCJNJX> - 60 minutes left
<@U09DA8TV091> - 60 minutes left
<@U09DCAD8MSS> - 60 minutes left
<@U09E4RP4LDN> - 60 minutes left
<@U09E6TNLD7D> - 60 minutes left",U09BZRB5LMQ,1757776825.524749,1757776822.014659
"*Weekly Throwing Update!*
Overall Progress: 11/26 reached 60 minutes
1385 total minutes of throwing
:star2: thrower: <@U09E44224QG> with 155 minutes
*Team Weekly Progress:* 61% of goal reached",U09BZRB5LMQ,1757776686.107119,1757776686.107119
"*Under 60 minutes:*
<@U08SA14R804> - 5 minutes left
<@U08SA11U9U4> - 15 minutes left
<@U09D72BBN59> - 15 minutes left
<@U09D9SV9821> - 20 minutes left
<@U09DCTQTYGJ> - 30 minutes left
<@U09DB13JAD8> - 30 minutes left
<@U09DC98LVQW> - 35 minutes left
<@U09E49X4YQG> - 40 minutes left
<@U09D9JCTUCV> - 45 minutes left
<@U08SA17NKTN> - 60 minutes left
<@U09D6BCJNJX> - 60 minutes left
<@U09DA8TV091> - 60 minutes left
<@U09DCAD8MSS> - 60 minutes left
<@U09E4RP4LDN> - 60 minutes left
<@U09E6TNLD7D> - 60 minutes left",U09BZRB5LMQ,1757776689.605459,1757776686.107119
"*Weekly Throwing Update!*
Overall Progress: 11/26 reached 60 minutes
1385 total minutes of throwing
:star2: thrower: <@U09E44224QG> with 155 minutes
*Team Weekly Progress:* 61% of goal reached",U09BZRB5LMQ,1757776461.621419,1757776461.621419
"*Under 60 minutes:*
<@U08SA14R804> - 5 minutes left
<@U08SA11U9U4> - 15 minutes left
<@U09D72BBN59> - 15 minutes left
<@U09D9SV9821> - 20 minutes left
<@U09DCTQTYGJ> - 30 minutes left
<@U09DB13JAD8> - 30 minutes left
<@U09DC98LVQW> - 35 minutes left
<@U09E49X4YQG> - 40 minutes left
<@U09D9JCTUCV> - 45 minutes left
<@U08SA17NKTN> - 60 minutes left
<@U09D6BCJNJX> - 60 minutes left
<@U09DA8TV091> - 60 minutes left
<@U09DCAD8MSS> - 60 minutes left
<@U09E4RP4LDN> - 60 minutes left
<@U09E6TNLD7D> - 60 minutes left",U09BZRB5LMQ,1757776465.068949,1757776461.621419
"*Weekly Throwing Update!*
Overall Progress: 11/26 reached 60 minutes
1385 total minutes of throwing
:star2: thrower: <@U09E44224QG> with 155 minutes
*Team Weekly Progress:* 3% of goal reached",U09BZRB5LMQ,1757776179.833429,1757776179.833429
"*Under 60 minutes:*
<@U08SA14R804> - 5 minutes left
<@U08SA11U9U4> - 15 minutes left
<@U09D72BBN59> - 15 minutes left
<@U09D9SV9821> - 20 minutes left
<@U09DCTQTYGJ> - 30 minutes left
<@U09DB13JAD8> - 30 minutes left
<@U09DC98LVQW> - 35 minutes left
<@U09E49X4YQG> - 40 minutes left
<@U09D9JCTUCV> - 45 minutes left
<@U08SA17NKTN> - 60 minutes left
<@U09D6BCJNJX> - 60 minutes left
<@U09DA8TV091> - 60 minutes left
<@U09DCAD8MSS> - 60 minutes left
<@U09E4RP4LDN> - 60 minutes left
<@U09E6TNLD7D> - 60 minutes left",U09BZRB5LMQ,1757776183.473289,1757776179.833429
Throwers under 60 minutes the week of 09/01-09/07,U09BZRB5LMQ,1757423875.808009,1757423875.808009
None!,U09BZRB5LMQ,1757423879.957369,1757423875.808009
*Leaderboard Update*,U09BZRB5LMQ,1757423869.193889,1757423869.193889
"*Full Throwing Leaderboard*
",U09BZRB5LMQ,1757423870.963269,1757423869.193889
"*Full Workout Leaderboard*
",U09BZRB5LMQ,1757423871.202939,1757423869.193889
*Team Semester Progress:* 0% of goal reached,U09BZRB5LMQ,1757423878.976939,1757423869.193889
"*Weekly Throwing Update - 1 day left!*
Overall Progress: 0/1 reached 60 minutes
0 total minutes of throwing
:star2: thrower: <@U09C3KUMH4L> with 0 minutes
*Team Weekly Progress:* 0% of goal reached",U09BZRB5LMQ,1757423863.521079,1757423863.521079
"*Under 60 minutes:*
<@U09C3KUMH4L> - 60 minutes left",U09BZRB5LMQ,1757423866.031359,1757423863.521079
Throwers under 60 minutes the week of 09/01-09/07,U09BZRB5LMQ,1757337408.670619,1757337408.670619
None!,U09BZRB5LMQ,1757337412.845459,1757337408.670619
*Leaderboard Update*,U09BZRB5LMQ,1757337402.406849,1757337402.406849
"*Full Throwing Leaderboard*
",U09BZRB5LMQ,1757337403.850719,1757337402.406849
"*Full Workout Leaderboard*
",U09BZRB5LMQ,1757337404.071909,1757337402.406849
*Team Semester Progress:* 0% of goal reached,U09BZRB5LMQ,1757337409.906679,1757337402.406849
"*Weekly Throwing Update - 1 day left!*
Overall Progress: 0/1 reached 60 minutes
0 total minutes of throwing
:star2: thrower: <@U09C3KUMH4L> with 0 minutes
*Team Weekly Progress:* 0% of goal reached",U09BZRB5LMQ,1757337395.839899,1757337395.839899
"*Under 60 minutes:*
<@U09C3KUMH4L> - 60 minutes left",U09BZRB5LMQ,1757337398.970389,1757337395.839899
Throwers under 60 minutes the week of 09/01-09/07,U09BZRB5LMQ,1757250079.317699,1757250079.317699
None!,U09BZRB5LMQ,1757250083.664469,1757250079.317699
*Leaderboard Update*,U09BZRB5LMQ,1757250071.708629,1757250071.708629
"*Full Throwing Leaderboard*
*1. Matthew Greenberg* with 60 minutes
",U09BZRB5LMQ,1757250073.814669,1757250071.708629
"*Full Workout Leaderboard*
*1. Matthew Greenberg* with 2.0 points
",U09BZRB5LMQ,1757250074.233919,1757250071.708629
*Team Semester Progress:* 100% of goal reached,U09BZRB5LMQ,1757250080.423969,1757250071.708629
"*Weekly Throwing Update - 1 day left!*
Overall Progress: 1/1 reached 60 minutes
60 total minutes of throwing
:star2: thrower: <@U09C3KUMH4L> with 60 minutes
*Team Weekly Progress:* 100% of goal reached",U09BZRB5LMQ,1757250065.801429,1757250065.801429
*Under 60 minutes:*,U09BZRB5LMQ,1757250068.409809,1757250065.801429
!throw 45 post practice,U09DCAD8MSS,1757778238.792449,
<!channel> Reminder that your 60 minutes of throwing are non negotiable and required,U08SA14R804,1757774753.909579,
"*Weekly Throwing Update - 1 day left!*
Overall Progress: 11/33 reached 60 minutes
965 total minutes of throwing
:star2: thrower: <@U09CY97SZBR> with 60 minutes
*Team Weekly Progress:* 48% of goal reached",U09EDJW5A14,1757774493.467429,1757774493.467429
"*Under 60 minutes:*
<@U08SA14R804> - 5 minutes left
<@U08SA11U9U4> - 15 minutes left
<@U09D72BBN59> - 15 minutes left
<@U09D9SV9821> - 20 minutes left
<@U09DCTQTYGJ> - 30 minutes left
<@U09DB13JAD8> - 30 minutes left
<@U09DC98LVQW> - 35 minutes left
<@U09E49X4YQG> - 40 minutes left
<@U09D9JCTUCV> - 45 minutes left
<@U08S8JU60R0> - 60 minutes left
<@U0973N45S4V> - 60 minutes left
<@U097DSDDKAM> - 60 minutes left
<@U097TN7UCKA> - 60 minutes left
<@U08SA17NKTN> - 60 minutes left
<@U09DA8TV091> - 60 minutes left
<@U09D6BCJNJX> - 60 minutes left
<@U097DV1KD3K> - 60 minutes left
<@U09DCAD8MSS> - 60 minutes left
<@U09E477LV6U> - 60 minutes left
<@U09E4RP4LDN> - 60 minutes left
<@U09E6TNLD7D> - 60 minutes left
<@U09EDJW5A14> - 60 minutes left",U09EDJW5A14,1757774494.819259,1757774493.467429
hardman u gotta lock in,U08SA14R804,1757774678.417969,1757774493.467429
removing the coaches now lmao,U09DCTQTYGJ,1757774755.679539,1757774493.467429
Who’d keller pay off for this ,U09DFCG1PLL,1757774973.156499,1757774493.467429
"Hold on, the captains wanted me to cap the bar graph at 60 mins a person, but that seems to have leaked in to the thrower with most mins.",U09DCTQTYGJ,1757775193.826709,1757774493.467429
Selfies bot gotta lock in,U09D9SV9821,1757777851.850069,1757774493.467429
Yall got to step it up star thrower over here,U09CY97SZBR,1757791691.649709,1757774493.467429
!lift day 3 yday,U09DB13JAD8,1757760992.764919,
Cardio running to be first on Goliath ,U09DC01N2EA,1757730422.530109,1757730422.530109
Can someone make this a slack emoji/sticker please,U09D6BCJNJX,1757730464.524069,1757730422.530109
Goliath had us runnin ,U09E43UKLRE,1757730467.348129,1757730422.530109
Yes <@U09D6BCJNJX> ,U09DC01N2EA,1757730483.731069,1757730422.530109
Added,U09DC01N2EA,1757730541.023489,1757730422.530109
"!cardio run, climbin earlier w/ zeal and camilo",U09DC98LVQW,1757730314.052359,
!lift day 2,U09DGGMTWNA,1757703828.343979,
!recovery also did this army workout recently,U09E6TNLD7D,1757698269.340299,
!gym ,U09DCRQ24PP,1757696586.835399,
!gym,U09DB6PQ350,1757694758.291869,
!lift <@U09CY97SZBR> <@U09DCTQTYGJ> ,U09E44224QG,1757694331.703019,1757694331.703019
Also !gym Wednesday ,U09CY97SZBR,1757694899.227699,1757694331.703019
That’s my intermediate lifter :saluting_face: ,U09E44224QG,1757694967.921369,1757694331.703019
!recovery !throw 25 bf,U09DC98LVQW,1757684884.747569,
!recovery stretch + bootz,U09E49X4YQG,1757654360.232059,
!recovery stretching :ok_woman:  ,U09E44Y8KGQ,1757653184.133669,
!recovery,U09DB13JAD8,1757651579.366159,
!recovery <@U09E59QR3KJ> ,U09CY97SZBR,1757649141.471009,
!throw 15 pre practice,U09DGGMTWNA,1757648531.960309,
!throw 20 <@U09DGGMTWNA> ,U09E49X4YQG,1757648467.204019,
!throw 25,U09D9SV9821,1757647524.841109,
!throw 10 <@U09DFCG1PLL> ,U09E44Y8KGQ,1757647028.802049,
!throw 15 <@U09D9SV9821>,U09DCTQTYGJ,1757646523.958699,1757646523.958699
!throw 15 <@U09E44224QG>,U09DCTQTYGJ,1757646546.430559,1757646523.958699
!throw 15,U08SA11U9U4,1757689726.174209,1757646523.958699
!throw 30 <@U09E44Y8KGQ> ,U09D72BBN59,1757638157.446309,
"ATTENTION TRIBE: if you’re trying to use the kettlebells in the functional room, the codes for the locks are 1996. Ya welcome ",U09E44Y8KGQ,1757632453.939229,1757632453.939229
huge news,U09DFCG1PLL,1757632747.966149,1757632453.939229
PLEASE LOCK THESE IMMEDIATELY WHEN YOU ARE DONE. I would prefer the people who oversee us to not punish us in some way for using equipment technically not open to us,U09D72BBN59,1757635984.443779,1757632453.939229
!lift 1 <@U09DC98LVQW> <@U09E44Y8KGQ> ,U09D9SV9821,1757634029.438119,
!recovery PT + 20 min bike ,U09DFCG1PLL,1757619616.287839,
!recovery stretching,U09E6TNLD7D,1757615450.462789,
!throw 30 <@U09DASAU350> ,U08SA11U9U4,1757614058.377999,1757614058.377999
!throw 20,U09E44224QG,1757614438.635369,1757614058.377999
!throw 15,U08SA14R804,1757611728.538969,1757611728.538969
!throw 30 ,U09DFCG1PLL,1757613472.729859,1757611728.538969
!gym leg yday,U09DB13JAD8,1757602021.856479,
!lift day 2 son <@U09E59QR3KJ> <@U09D9JCTUCV> ,U08SA14R804,1757601646.997279,1757601646.997279
!upper push yesterday,U09E59QR3KJ,1757602026.151059,1757601646.997279
!upper <@U09DB6PQ350> ,U09E43UKLRE,1757550061.613129,
!throw 60,U09E44224QG,1757547332.685509,1757547332.685509
!throw 30,U09E43UKLRE,1757549761.061259,1757547332.685509
!throw 65,U09DCRQ24PP,1757549764.875799,1757547332.685509
!throw 45,U09DB6PQ350,1757773910.697849,1757547332.685509
!throw 25 <@U09DFCG1PLL> ,U08SA14R804,1757532166.200409,1757532166.200409
!throw 20,U09DCRQ24PP,1757532486.912469,1757532166.200409
!throw 25,U09E43UKLRE,1757532497.343439,1757532166.200409
!upper and !recovery pt today ,U09DFCG1PLL,1757555072.770389,1757532166.200409
!lift day 1 ,U09E6TNLD7D,1757530679.048769,
!recovery stretch last night,U08SA14R804,1757507644.540239,
!lift <@U09DCRQ24PP> <@U09DCAD8MSS> ,U09D72BBN59,1757507260.324279,
!recovery stretching and ice !throw 35 <@U09CY97SZBR> ,U09DASAU350,1757479776.931269,
!recovery stretching + boots,U09E49X4YQG,1757479073.387669,
!throw 30 before praccy <@U09DASAU350> ,U09E44Y8KGQ,1757477760.647939,1757477760.647939
!recovery stretching ,U09E44Y8KGQ,1757477774.286789,1757477760.647939
!throw 45,U09DGGMTWNA,1757467339.403099,
!throw 15 pre-praccy <@U09E43UKLRE> <@U09DB6PQ350> ,U09D72BBN59,1757466548.654689,1757466548.654689
!throw 30 ,U09DFCG1PLL,1757466629.886469,1757466548.654689
!throw 30,U09DB13JAD8,1757466724.650399,1757466548.654689
added an integration to this channel: <https://gttribe25-26.slack.com/services/B09EE3EMJDC|SelfiesBot>,U08SA11U9U4,1757457092.843909,
!recovery pt + 20 min bike ,U09DFCG1PLL,1757456881.107689,
!lift day 1 <@U09DA8TV091> <@U09E477LV6U> ,U09DGGMTWNA,1757438918.534059,
"!lift day 1, !throw 15 <@U09D9JCTUCV> <@U09E59QR3KJ> ",U08SA14R804,1757429517.244579,
!recovery sauna + stretch + compression boots,U09E49X4YQG,1757390338.892169,1757390338.892169
can i pull up and use them sometime ,U08SA17NKTN,1757429933.116869,1757390338.892169
*im gonna pull up and use those some time ,U08SA17NKTN,1757429951.922919,1757390338.892169
!lift day 3 cmon bruv,U08SA11U9U4,1757389834.719689,
!recovery stretch ,U09E44Y8KGQ,1757389043.209539,
!lift type shit cuzzo <@U09E4RP4LDN> <@U09D6BCJNJX> ,U09DB13JAD8,1757386898.728679,
"!lift <@U09DB6PQ350> <@U09DC01N2EA> 
!throw 30",U09E43UKLRE,1757378287.846619,
!upper,U09E44224QG,1757378029.333409,
!throw 45,U09CY97SZBR,1757373879.543779,1757373879.543779
!throw 55 !upper pull,U09E59QR3KJ,1757373919.432799,1757373879.543779
top 2 gooners,U08SA17NKTN,1757381675.269829,1757373879.543779
!upper,U09E44Y8KGQ,1757368831.398489,
!throw 40 before/between games,U08SA14R804,1758402203.416699,
!throw 45,U09CY97SZBR,1758392133.419169,
!cardio 6mi w/ a 40lbs backpack,U09E6TNLD7D,1758356868.464849,1758356868.464849
WHOS GONNA CARRY THE BOATS,U09DB13JAD8,1758371955.611379,1758356868.464849
!gym LEGS,U09DFCG1PLL,1758312004.865609,
!throw 30 <@U09DCRQ24PP> ,U09E44224QG,1758310442.429769,1758310442.429769
!throw 10 before ,U09DCRQ24PP,1758310469.213689,1758310442.429769
!recovery sauna + stretch,U09E49X4YQG,1758300550.388039,
!lift 1 !lift 3 earlier this week,U09DASAU350,1758299887.590689,
!lift with <@U09DCTQTYGJ> and Jackson was also there,U09CY97SZBR,1758298598.482449,1758298598.482449
!upper,U09E44224QG,1758298641.624309,1758298598.482449
!recovery sauna yesterday,U09DCTQTYGJ,1758298645.663929,1758298598.482449
!recovery stretches and bit of field drills,U09E6TNLD7D,1758272148.554279,
!throw 80 performative career fair pic,U09DC01N2EA,1758255592.886309,1758255592.886309
HE HAS THE LABUBU JUST GIVE HIM THE JOB ATP,U09DB13JAD8,1758256397.963319,1758255592.886309
!throw 30 before practice Tuesday ,U09D9SV9821,1758251913.393359,
!throw 60 <@U09D9SV9821> + unc frat dude ,U09D72BBN59,1758251058.902249,1758251058.902249
!throw 20 before prac,U09DFCG1PLL,1758259240.820759,1758251058.902249
!throw 20 before,U08SA14R804,1758291399.946719,1758251058.902249
!lift 1 tribe,U09DC98LVQW,1758236154.223779,
!throw 10 <@U09E44224QG> ,U09DFCG1PLL,1758227825.705339,
"!cardio !recovery 4x800m with recovery jogs between yesterday, also pt and stretching today",U09E6TNLD7D,1758186006.416819,
!throw 35 post study sesh,U09E49X4YQG,1758172521.559329,
!throw 70 <@U09DASAU350> <@U09E4RP4LDN> ,U09DB13JAD8,1758167955.919969,
!lift 1 <@U09E4RP4LDN> <@U09D6BCJNJX> ,U09DB13JAD8,1758163390.706109,
!throw 20,U09DCTQTYGJ,1758161341.348569,
!lift 3 <@U09DA8TV091> ,U09DGGMTWNA,1758158006.861439,
!recovery pt/jog ,U09DFCG1PLL,1758157069.498189,
!throw 40,U09E43UKLRE,1758156464.748499,1758156464.748499
!throw 40,U09DB6PQ350,1758159032.891029,1758156464.748499
!lift 2,U09DCTQTYGJ,1758131662.382439,
!recovery ice bath and stretching last night,U08SA14R804,1758125374.859129,
!gym,U09DCRQ24PP,1758112793.587919,
!recovery type shi,U09DC98LVQW,1758083791.118639,
!throw 15 pre prac <@U09E43UKLRE> ,U09DB6PQ350,1758073886.748919,
!throw 15 after practice <@U09DASAU350> ,U09DA8TV091,1758073316.432739,
!throw 35 <@U09E49X4YQG> ,U09DGGMTWNA,1758073215.772189,
!throw 20 bf ,U08SA11U9U4,1758073045.370749,
!throw 25 bf practice <@U09DFCG1PLL> ,U09DA8TV091,1758072560.992449,
!throw 15 <@U09DCRQ24PP> ,U09E44Y8KGQ,1758072247.032809,1758072247.032809
!throw 15 before grove be loving my angles ,U09DCRQ24PP,1758072613.077139,1758072247.032809
!throw 20 before,U09DCTQTYGJ,1758074893.827319,1758072247.032809
!throw 30 <@U09DFCG1PLL> <@U09E43UKLRE> ,U09DB6PQ350,1758058711.851369,
!throw 20,U09DFCG1PLL,1758050343.241869,1758050343.241869
!throw 40,U08SA11U9U4,1758058747.411979,1758050343.241869
!recovery !recovery two pts,U09E6TNLD7D,1758039601.031429,
!lift day 3,U09DGGMTWNA,1758039390.084409,
!lift day 1 <@U09E59QR3KJ> <@U09D9JCTUCV> ,U08SA14R804,1758033503.355439,
!throw 30 <@U09DC98LVQW> ,U09DB13JAD8,1757990478.816269,
!upper pull and !recovery stretching + shoulder/achilles/hip mobility,U09E59QR3KJ,1757987436.040329,
!throw 10,U09D9JCTUCV,1757986640.745309,
!lift two,U09D9SV9821,1757983432.860049,
!lift <@U09DB6PQ350> <@U09E43UKLRE> getting carried in brawl,U09DC01N2EA,1757982513.208879,1757982513.208879
,U09E43UKLRE,1757982569.533289,1757982513.208879
!throw 45 <@U09E43UKLRE> ,U09DB6PQ350,1757982644.862819,1757982513.208879
holy carry,U09DB13JAD8,1757982746.436759,1757982513.208879
added an integration to this channel: <https://gttribe25-26.slack.com/services/B09FC665EHY|SelfiesBot>,U08SA11U9U4,1757972777.317349,
,U09DA8TV091,1757963935.417559,
!throw 20 <@U08SA14R804> ,U09DA8TV091,1757963908.344609,
!throw 35 <@U08SA14R804> <@U09D9JCTUCV> ,U09DA8TV091,1757963897.572349,
!throw 30 <@U09DC98LVQW> ,U09DFCG1PLL,1757954754.034599,
"!throw 20 forgot to log throwing earlier this week :(
",U08SA17NKTN,1757953884.438339,
*Leaderboard Update*,U09EDJW5A14,1757941689.787619,1757941689.787619
"*Full Throwing Leaderboard*
*1. Flavius Penescu* with 195 minutes
*2. Sam Grossberg* with 165 minutes
*3. Jackson Armstrong* with 155 minutes
*4. Ethan AC* with 120 minutes
*5. Ganden Fung* with 115 minutes
*6. Adam Grossberg* with 110 minutes
*7. Ivan Sanchez* with 105 minutes
*8. Connor Case* with 100 minutes
*9. J.D. Cheng* with 90 minutes
*10. Sammyg024 G* with 85 minutes
*11. Adithya Deepak* with 80 minutes
*12. Keller Smith* with 80 minutes
*13. Owen Hammond-Lee* with 70 minutes
*14. Grover Grendzinski* with 70 minutes
*15. Neal Zeng* with 65 minutes
*16. Camilo Castrillon* with 60 minutes
*17. Ephraim Connor* with 60 minutes
*18. Dhruvsai Dhulipudi* with 60 minutes
*19. Matthew Greenberg* with 60 minutes
*20. David Baker* with 60 minutes
*21. Phillip Markovitz* with 60 minutes
*22. Philip* with 60 minutes
*23. Stefan McCall* with 60 minutes
*24. Nicholas Andrews* with 60 minutes
*25. Nikos Verlenden* with 55 minutes
*26. John Davis* with 15 minutes
",U09EDJW5A14,1757941691.499399,1757941689.787619
"*Full Workout Leaderboard*
*1. Owen Hammond-Lee* with 4.5 points
*2. Ivan Sanchez* with 4.5 points
*3. Sammyg024 G* with 4.0 points
*4. Ethan AC* with 4.0 points
*5. David Baker* with 4.0 points
*6. Grover Grendzinski* with 3.5 points
*7. Adam Grossberg* with 3.5 points
*8. Keller Smith* with 3.5 points
*9. Neal Zeng* with 3.0 points
*10. Camilo Castrillon* with 3.0 points
*11. Philip* with 3.0 points
*12. John Davis* with 3.0 points
*13. Adithya Deepak* with 3.0 points
*14. J.D. Cheng* with 3.0 points
*15. Matthew Greenberg* with 2.5 points
*16. Nicholas Andrews* with 2.5 points
*17. Flavius Penescu* with 2.5 points
*18. Dhruvsai Dhulipudi* with 2.0 points
*19. Jackson Armstrong* with 2.0 points
*20. Connor Case* with 2.0 points
*21. Sam Grossberg* with 2.0 points
*22. Ephraim Connor* with 1.5 points
*23. Ganden Fung* with 1.5 points
*24. Phillip Markovitz* with 1.5 points
*25. Stefan McCall* with 1.5 points
",U09EDJW5A14,1757941691.734069,1757941689.787619
*Team Semester Progress:* 10% of goal reached,U09EDJW5A14,1757941697.569019,1757941689.787619
!lift <@U09DCAD8MSS> <@U09DCRQ24PP> rise and grind ,U09D72BBN59,1757937805.145069,
!throw 60,U09E6TNLD7D,1757907486.015499,
!throw 15 <@U09DASAU350> <@U09DB13JAD8> ,U09D72BBN59,1757900663.694669,
!throw 20 <@U08SA11U9U4> LOCK TF IN CAMILO,U09D9SV9821,1757899389.837289,
!throw 60 !upper ,U09DA8TV091,1757897697.027999,
!throw 40 !cardio 2 hour Wagon Practice <@U09DGGMTWNA> ,U09E49X4YQG,1757895677.178359,1757895677.178359
<@U09DCTQTYGJ> Botmaster Matthew Does chaining commands like this work ,U09DGGMTWNA,1757898341.690289,1757895677.178359
Yes,U09DB13JAD8,1757899328.990539,1757895677.178359
!throw 30,U09DCTQTYGJ,1757891193.653369,
!throw 60 <@U09DB13JAD8> <@U09D6BCJNJX> ,U09E4RP4LDN,1757883917.742049,
!throw 15,U09DCAD8MSS,1757883102.736949,
!lift day 1 <@U08SA11U9U4> <@U09E49X4YQG> ,U09DASAU350,1757872792.057899,
!throw 55 <@U09DC98LVQW> <@U08SA17NKTN> <@U09DFCG1PLL> <@U09DASAU350> ,U08SA14R804,1757869232.107189,
!cardio !upper white girl bangers ,U09E44Y8KGQ,1758421726.825909,
!lift,U09DCAD8MSS,1758545960.852359,
!throw 15 <@U09E59QR3KJ> ,U09CY97SZBR,1758511374.452069,
!cardio !cardio regionals,U09D6BCJNJX,1758510046.459759,1758510046.459759
!throw 60 warmups n shii,U09D6BCJNJX,1758510060.024299,1758510046.459759
!lift my momma sent my jerseys to me in the mail,U09E6TNLD7D,1758509203.601399,
"!throw 25 pre-praccy Thursday 
!throw 40 ",U09DCAD8MSS,1758509171.011049,
!recovery hip and hamstring pt,U09DB13JAD8,1758506137.599739,
!throw 60 :smirk_cat:,U09E44Y8KGQ,1758505363.352409,1758505363.352409
!throw 60,U09E59QR3KJ,1758546603.001829,1758505363.352409
!throw 30,U09E44224QG,1758504882.195269,
"!throw 60, taught my roommate how to throw a flick",U09E6TNLD7D,1758500537.340409,
!Cardio !cardio !throw 60 !nationals,U09DASAU350,1758498624.224929,
!throw 20 <@U09D9SV9821>,U09DCTQTYGJ,1758498557.727359,
!lift,U09D9SV9821,1758496878.949659,
!lift ferda ,U09E44Y8KGQ,1758494676.955409,
!throw 45 with fam ,U09E4RP4LDN,1758480316.335469,
!recovery Sprints:hushed:,U09DFCG1PLL,1758473640.742359,1758473640.742359
BUSTTTTR,U09DB13JAD8,1758473907.767719,1758473640.742359
!throw 50,U09E44224QG,1758599435.646869,
!lift day 1 <@U09DC01N2EA> <@U09DB6PQ350> ,U09E43UKLRE,1758585189.361299,
!throw 60,U09DCRQ24PP,1758580237.849319,1758580237.849319
!throw 35,U09E43UKLRE,1758584074.184989,1758580237.849319
!throw 15,U09DC01N2EA,1758585838.140339,1758580237.849319
!throw 60,U09DCAD8MSS,1758578249.228709,1758578249.228709
!throw 60,U09DASAU350,1758578269.783319,1758578249.228709
!throw 20,U09E44224QG,1758578688.884199,1758578249.228709
!throw 50,U09DC01N2EA,1758580315.334799,1758578249.228709
!recovery pt sesh,U09DB13JAD8,1758571898.961479,
!recovery sprints pt 2 75%,U09DFCG1PLL,1758570649.565499,
!throw 20 <@U09DFCG1PLL> <@U08SA11U9U4>,U09D9JCTUCV,1758565905.472269,1758565905.472269
!throw 15,U08SA11U9U4,1758584662.561859,1758565905.472269
!lift day 1,U09DCRQ24PP,1758564469.567909,
!throw 25 <@U09D6BCJNJX> ,U09E49X4YQG,1758563743.102929,
!cardio !cardio !throw 120 <@U09E49X4YQG> regionals,U09DGGMTWNA,1758561242.270399,
!gym,U09DCTQTYGJ,1758556822.466229,
*Leaderboard Update*,U09EDJW5A14,1758546549.565629,1758546549.565629
"*Full Throwing Leaderboard*
*1. Sam Grossberg* with 145 minutes
*2. Flavius Penescu* with 135 minutes
*3. J.D. Cheng* with 130 minutes
*4. Connor Case* with 130 minutes
*5. Stefan McCall* with 115 minutes
*6. Adam Grossberg* with 115 minutes
*7. Phillip Markovitz* with 110 minutes
*8. Ivan Sanchez* with 100 minutes
*9. Dhruvsai Dhulipudi* with 95 minutes
*10. Ganden Fung* with 80 minutes
*11. Grover Grendzinski* with 75 minutes
*12. Jackson Armstrong* with 70 minutes
*13. David Baker* with 70 minutes
*14. Sammyg024 G* with 70 minutes
*15. Philip* with 65 minutes
*16. Neal Zeng* with 60 minutes
*17. Keller Smith* with 60 minutes
*18. Ephraim Connor* with 60 minutes
*19. Matthew Greenberg* with 60 minutes
*20. Nicholas Andrews* with 60 minutes
*21. Camilo Castrillon* with 60 minutes
*22. Adithya Deepak* with 60 minutes
*23. Owen Hammond-Lee* with 55 minutes
*24. John Davis* with 45 minutes
*25. Ethan AC* with 35 minutes
*26. Nikos Verlenden* with 20 minutes
",U09EDJW5A14,1758546552.170539,1758546549.565629
"*Full Workout Leaderboard*
*1. Nicholas Andrews* with 5.5 points
*2. Sam Grossberg* with 4.0 points
*3. Owen Hammond-Lee* with 4.0 points
*4. Matthew Greenberg* with 3.5 points
*5. Ephraim Connor* with 3.5 points
*6. Phillip Markovitz* with 3.0 points
*7. Ethan AC* with 3.0 points
*8. Grover Grendzinski* with 3.0 points
*9. Ivan Sanchez* with 2.0 points
*10. Adam Grossberg* with 2.0 points
*11. Flavius Penescu* with 2.0 points
*12. Adithya Deepak* with 2.0 points
*13. Stefan McCall* with 1.5 points
*14. Philip* with 1.5 points
*15. Keller Smith* with 1.5 points
*16. John Davis* with 1.5 points
*17. J.D. Cheng* with 1.5 points
*18. Dhruvsai Dhulipudi* with 1.5 points
*19. Connor Case* with 1.5 points
*20. Ganden Fung* with 1.5 points
*21. Sammyg024 G* with 1.0 points
*22. Jackson Armstrong* with 0.5 points
*23. David Baker* with 0.5 points
",U09EDJW5A14,1758546552.621519,1758546549.565629
*Team Semester Progress:* 5% of goal reached,U09EDJW5A14,1758546558.298699,1758546549.565629
"Didn't catch that Grove didn't @ me last night, my bad, but I had 95 minutes last week, should be updated now",U09E59QR3KJ,1758546812.053959,1758546549.565629
"Yeah, it also looks like weeks aren't stacking. Ill look into it and update",U09DCTQTYGJ,1758549073.685249,1758546549.565629
!gym ,U09DCRQ24PP,1758717400.423919,
!recovery stretches &amp; agility,U09E6TNLD7D,1758696451.458579,
This message was deleted.,USLACKBOT,1758689459.642929,1758689459.642929
bruh we already posted it ,U09DFCG1PLL,1758717674.581249,1758689459.642929
No you didn’t ,U09D72BBN59,1758721880.586579,1758689459.642929
me and jackson replied to greenberg :pensive:,U09DFCG1PLL,1758721903.988699,1758689459.642929
Shit I see now ,U09D72BBN59,1758721905.638959,1758689459.642929
!recovery !recovery stretching last night too hello pwincess ,U09E44Y8KGQ,1758688969.043519,
!throw 25 with zeal and before practice,U09D9SV9821,1758678319.546399,1758678319.546399
!throw 15,U08SA11U9U4,1759022406.202449,1758678319.546399
,U09DGGMTWNA,1758677343.467979,
!throw 20 <@U09E49X4YQG> ,U09DGGMTWNA,1758677329.569609,
!throw 10,U09DGGMTWNA,1758677318.494449,
!throw 35 b4 practice,U09DCTQTYGJ,1758676152.867989,1758676152.867989
!throw 50 ,U09DFCG1PLL,1758676250.246049,1758676152.867989
!throw 50,U09E44224QG,1758676579.822269,1758676152.867989
!throw 50,U09E44Y8KGQ,1758676727.805109,1758676152.867989
!throw 25,U09DB13JAD8,1758676789.980389,1758676152.867989
!throw 30,U09DC01N2EA,1758677639.368679,1758676152.867989
!throw 50,U09D72BBN59,1758721923.834989,1758676152.867989
!throw 35 <@U09D6BCJNJX> ,U09DFCG1PLL,1758652967.242259,
!lift 1 <@U09E59QR3KJ> <@U09D9JCTUCV> ,U08SA14R804,1758638106.542039,
!throw 20 <@U09E59QR3KJ> ,U09CY97SZBR,1758634212.906789,
!throw 50 !recovery sauna !recovery deep stretch,U09E49X4YQG,1758770036.616479,
!recovery alex spread me open,U09DB13JAD8,1758769609.443069,
!throw 40,U09DB6PQ350,1758760634.080419,1758760634.080419
!upper,U09DB6PQ350,1758771152.455309,1758760634.080419
!recovery alex got up in my butt,U08SA14R804,1758756593.503099,
!gym upper and light legs,U09E43UKLRE,1758753742.744189,1758753742.744189
!throw 30,U09E43UKLRE,1758756774.617809,1758753742.744189
!lift big daddy,U09E44Y8KGQ,1758751559.319569,
!throw 37 <@U09DFCG1PLL> <@U09E44224QG> ,U09E44Y8KGQ,1758744332.879349,1758744332.879349
!throw 30 <@U09D9SV9821> <@U09E43UKLRE> ,U09DFCG1PLL,1758744448.468039,1758744332.879349
!throw 20,U09E44224QG,1758750511.537779,1758744332.879349
!recovery sauna and stretch,U09E49X4YQG,1758859998.145159,
!throw 30,U09DB6PQ350,1758859336.708789,
!throw 20 <@U09DB6PQ350> ,U09E43UKLRE,1758857290.637829,1758857290.637829
!throw 15,U09DCRQ24PP,1758857372.503709,1758857290.637829
"!throw 10 <@U09DASAU350> b4, after?",U09DB13JAD8,1758857217.968609,1758857217.968609
!throw 15,U09E44224QG,1758859667.496749,1758857217.968609
!throw 20 <@U09DA8TV091>,U08SA14R804,1758897081.676599,1758857217.968609
!throw 15 <@U09E49X4YQG> after practice,U09DGGMTWNA,1758857032.624919,
!recovery before practice,U09DGGMTWNA,1758857022.324269,
!recovery “*check accountability chat*”,U09E6TNLD7D,1758824731.257649,
!lift ,U09D72BBN59,1758807840.933509,
!throw 30 <@U09E59QR3KJ> ,U09CY97SZBR,1758807588.790819,
!throw 55,U09DA8TV091,1758939290.181619,
"!lift yesterday !gym today !recovery yesterday
!CPRcertified",U09DASAU350,1758927796.905819,
!throw 30,U09E44224QG,1758924438.577919,
!upper ,U08SA11U9U4,1758918688.175219,
!lift !recovery earlier <@U09CY97SZBR> <@U09E44224QG>,U09DCTQTYGJ,1758910777.409409,
!lift + !recovery,U09E6TNLD7D,1759033556.628779,
"*Weekly Update!*
Overall Progress: 14/26 reached one lift
21.0 points of lifts
*Team Weekly Progress:* 53% of goal reached",U09EDJW5A14,1759018279.993059,1759018279.993059
"*Under one lift:*
<@U08SA11U9U4>
<@U09D9SV9821>
<@U08SA17NKTN>
<@U09D6BCJNJX>
<@U09DA8TV091>
<@U09DFCG1PLL>
<@U09DB13JAD8>
<@U09DC98LVQW>
<@U09DGGMTWNA>
<@U09E49X4YQG>
<@U09E4RP4LDN>
<@U09E6TNLD7D>",U09EDJW5A14,1759018282.836009,1759018279.993059
"Excused: nikos, piss, flav, nick",U08SA14R804,1759082455.952939,1759018279.993059
"*Weekly Update!*
Overall Progress: 14/26 reached 60 minutes
1986 total minutes of throwing
:star2: thrower: <@U09E49X4YQG> with 260 minutes
*Team Weekly Progress:* 73% of goal reached",U09EDJW5A14,1759018270.301609,1759018270.301609
"*Under 60 minutes:*
<@U09D9SV9821> - 5 minutes left
<@U09CY97SZBR> - 10 minutes left
<@U09D72BBN59> - 10 minutes left
<@U08SA11U9U4> - 25 minutes left
<@U09DCTQTYGJ> - 25 minutes left
<@U09DB13JAD8> - 25 minutes left
<@U08SA14R804> - 40 minutes left
<@U09D9JCTUCV> - 40 minutes left
<@U08SA17NKTN> - 60 minutes left
<@U09DC98LVQW> - 60 minutes left
<@U09E4RP4LDN> - 60 minutes left
<@U09E6TNLD7D> - 60 minutes left",U09EDJW5A14,1759018273.493309,1759018270.301609
excused: nikos,U08SA14R804,1759082531.696759,1759018270.301609
!recovery !recovery !upper this week,U09E44Y8KGQ,1759008816.448359,
,U09E49X4YQG,1758991051.913899,
!throw 30 <@U09DGGMTWNA> ,U09E49X4YQG,1758991041.166509,
,U09D72BBN59,1759148364.793829,
!lift <@U09DCRQ24PP> <@U09DCAD8MSS> ,U09D72BBN59,1759147695.507939,
!throw 30,U09E4RP4LDN,1759117503.901119,
!throw 15 last minute,U09DCTQTYGJ,1759111725.480099,
!throw 75 <@U09DC98LVQW> ,U08SA14R804,1759108485.033819,
!throw 10 <@U09DCTQTYGJ> ,U08SA11U9U4,1759108404.468769,
!throw 30,U09E4RP4LDN,1759106078.925549,
!lift one <@U09D6BCJNJX> <@U09E4RP4LDN> ,U09DB13JAD8,1759103649.158749,1759103649.158749
!throw 30,U09DB13JAD8,1759106040.848559,1759103649.158749
!lift wah,U09DC98LVQW,1759096850.034719,
!dih golf <@U08SA11U9U4> <@U09DCTQTYGJ> <@U09DASAU350> ,U09E44Y8KGQ,1759096789.035779,1759096789.035779
3 birdies for greenberg zamn,U09DB13JAD8,1759096979.125189,1759096789.035779
!throw 10,U09D72BBN59,1759096380.870289,
!workout plyos/acceleration this morning,U09E59QR3KJ,1759078391.070029,1759078391.070029
"!lift 2 Friday, !upper push thursday, !recovery stretching",U09E59QR3KJ,1759078495.711439,1759078391.070029
!upper pull Wednesday,U09E59QR3KJ,1759078503.721039,1759078391.070029
!throw 20,U09E59QR3KJ,1759108437.177339,1759078391.070029
!lift 1 <@U08SA11U9U4> <@U09E49X4YQG> ,U09DASAU350,1759070558.180249,
!throw 10,U09CY97SZBR,1759069090.423739,
!recovery i feel hella recovered,U08SA11U9U4,1759722301.041709,
!gym don’t have a gym here so did corepower class sowwy twibe,U09D9SV9821,1759720010.493049,
!throw 40,U09E4RP4LDN,1759715908.365789,1759715908.365789
!throw 40,U09E49X4YQG,1759731679.804319,1759715908.365789
!throw 10 with fam ,U09DFCG1PLL,1759708676.092629,1759708676.092629
!recovery PT LIFT ,U09DFCG1PLL,1759718632.095149,1759708676.092629
!upper I own jboro !recovery !recovery !recovery stretching and bandwork throughout the week huss huss they don’t know me son,U09E44Y8KGQ,1759708257.258629,
!throw 20 last night !throw 20 luh rainy reps ,U09D72BBN59,1759703971.361479,
!throw 30 !throw 30 half this morning,U09DCAD8MSS,1759699585.481469,
!recovery !throw 45,U09DB6PQ350,1759697111.925599,
!throw 20 while at canpsite,U09D6BCJNJX,1759694090.796609,1759694090.796609
!throw 40 b4 practice,U09D6BCJNJX,1759694104.481469,1759694090.796609
!cardio pactice <@U09DASAU350> ,U08SA14R804,1759681594.313079,
!recovery PT exercises last few days,U09E49X4YQG,1759678412.922009,
!gym bodypump class got me quivering,U09DB13JAD8,1759674734.134209,
!lift,U09DC01N2EA,1759619210.543929,
!throw 24,U09E44224QG,1759612322.673449,
!lift day 1,U09DGGMTWNA,1759607786.123509,
!cardio alumni game,U09DCTQTYGJ,1759606278.569639,1759606278.569639
Score?,U09DASAU350,1759610686.568669,1759606278.569639
!cardio pacmini <@U09DASAU350> ,U08SA14R804,1759606159.552409,
!cardio <@U09E44224QG> 2nd place,U09E43UKLRE,1759600628.775389,1759600628.775389
Where is Troy’s at,U09DC01N2EA,1759600788.590559,1759600628.775389
Lowkey Connor was just there for snacks does not deserve a cardio,U09DC01N2EA,1759600819.184959,1759600628.775389
Bruh get ur workout in,U09E43UKLRE,1759603608.110729,1759600628.775389
!cardio !throw 30 ,U09DCRQ24PP,1759620090.087979,1759600628.775389
!throw 15 <@U09DFCG1PLL> ,U08SA17NKTN,1759598831.298389,1759598831.298389
!throw 20 yesterday ,U08SA17NKTN,1759598844.690089,1759598831.298389
!throw 45 before and after practice Thursday ,U09D9SV9821,1759592110.723489,1759592110.723489
!throw 30 with piss,U09DCTQTYGJ,1759606214.449699,1759592110.723489
"*Weekly Update!*
Overall Progress: 18/26 reached one lift
27.0 points of lifts
*Team Weekly Progress:* 69% of goal reached",U09EDJW5A14,1759582831.617709,1759582831.617709
"*Under one lift:*
<@U09DA8TV091>
<@U09D9SV9821>
<@U08SA17NKTN>
<@U09DC01N2EA>
<@U09DFCG1PLL>
<@U09DC98LVQW>
<@U09E49X4YQG>
<@U09E6TNLD7D>",U09EDJW5A14,1759582834.693029,1759582831.617709
"excused - david, nick, nikos, flav",U08SA14R804,1759582962.154139,1759582831.617709
"*Weekly Update!*
Overall Progress: 16/26 reached 60 minutes
1796 total minutes of throwing
:star2: thrower: <@U09DASAU350> with 173 minutes
*Team Weekly Progress:* 75% of goal reached",U09EDJW5A14,1759582822.628239,1759582822.628239
"*Under 60 minutes:*
<@U09E49X4YQG> - 10 minutes left
<@U09E44224QG> - 18 minutes left
<@U09DFCG1PLL> - 20 minutes left
<@U09DCRQ24PP> - 30 minutes left
<@U08SA17NKTN> - 30 minutes left
<@U09D72BBN59> - 40 minutes left
<@U09D9SV9821> - 60 minutes left
<@U09D6BCJNJX> - 60 minutes left
<@U09DCAD8MSS> - 60 minutes left
<@U09E6TNLD7D> - 60 minutes left",U09EDJW5A14,1759582825.859699,1759582822.628239
excused - nick,U08SA14R804,1759582911.503589,1759582822.628239
!throw 15,U09DGGMTWNA,1759525677.336809,
!cardio goalti !throw 25,U09DCTQTYGJ,1759525130.897069,
!Lift day 2 mamacita ,U09E44Y8KGQ,1759523616.539109,
!lift <@U09E44224QG> ,U09CY97SZBR,1759514330.116909,
!throw 20,U09DB6PQ350,1759510205.801849,
Holy disc golf -2 discs :wilted_flower::wilted_flower:,U09DC98LVQW,1759480618.888069,
!throw 35 <@U09DA8TV091> ,U09DGGMTWNA,1759463259.829119,
!throw 25 ,U09DB13JAD8,1759461963.283859,1759461963.283859
!throw 10,U08SA14R804,1759500239.824199,1759461963.283859
!throw 20,U08SA11U9U4,1759505791.713459,1759461963.283859
!throw 15 <@U09DB6PQ350> pre prac,U09D9JCTUCV,1759452881.484109,
!lift won <@U09D6BCJNJX> <@U09E4RP4LDN> ,U09DB13JAD8,1759451993.215659,
!throw 33 <@U09DASAU350> <@U09E59QR3KJ> ,U08SA11U9U4,1759431270.006249,1759431270.006249
!throw 12,U09E44224QG,1759431298.504239,1759431270.006249
!throw 15,U09DASAU350,1759431323.386799,1759431270.006249
!throw 30 <@U09DGGMTWNA> !recovery pt exercises,U09E49X4YQG,1759422373.258659,
!throw 15 <@U09E59QR3KJ> ,U09CY97SZBR,1759416888.111249,
"!gym ngl i really didn’t like today, so i hit legs hard cause standards and discipline hooah :triumph: ",U09E6TNLD7D,1759396917.775819,
!recovery pt,U09DB13JAD8,1759381009.743729,
!upper !cardio,U09DB6PQ350,1759374581.986609,
!throw 15 <@U09DCTQTYGJ> ,U09DASAU350,1759365386.843459,
!lift day 1 <@U08SA11U9U4> guest star <@U09DCTQTYGJ> ,U09DASAU350,1759365374.196439,
!throw 30 <@U09DCRQ24PP> ,U09E43UKLRE,1759364175.424509,1759364175.424509
!throw 10,U09E43UKLRE,1759364186.296259,1759364175.424509
!throw 15 <@U08SA14R804> ,U08SA17NKTN,1759363826.300919,
!throw 35 <@U09DB13JAD8> ,U09E44Y8KGQ,1759358765.812419,1759358765.812419
!throw 25,U09DC01N2EA,1759358839.741139,1759358765.812419
!throw 20 study break ,U09D72BBN59,1759349525.147959,
!recovery PT,U09E49X4YQG,1759338918.388649,
!throw 25 yesterday,U09E44Y8KGQ,1759335290.966769,
!throw 60 <@U09E59QR3KJ> today and yesterday morning ,U09CY97SZBR,1759326825.876169,
!gym ,U09DCRQ24PP,1759320259.464909,
!throw 15 <@U09DA8TV091> post prac,U09DB6PQ350,1759285812.653799,
!throw 20,U09DGGMTWNA,1759281735.894449,1759281735.894449
!throw 20,U09E49X4YQG,1759285101.327249,1759281735.894449
!throw 20,U09DC98LVQW,1759288992.271949,1759281735.894449
!throw 20,U08SA11U9U4,1759335488.512449,1759281735.894449
!throw 20 <@U09E4RP4LDN> ,U09DASAU350,1759343435.639589,1759281735.894449
!throw 25 <@U09DA8TV091>,U09D9JCTUCV,1759273985.361699,
!recovery lift ,U09DFCG1PLL,1759259603.460589,
!lift day one <@U09D9JCTUCV> <@U09E59QR3KJ> ,U08SA14R804,1759243322.670879,1759243322.670879
!throw 15 <@U09D9JCTUCV> ,U09E59QR3KJ,1759249339.442669,1759243322.670879
!throw 5 <@U08SA14R804> <@U09D9JCTUCV> ,U09E59QR3KJ,1759249351.551599,1759243322.670879
!throw 15 <@U08SA14R804> ,U08SA17NKTN,1759241720.758929,
!cardio,U09E6TNLD7D,1759214440.879569,
!recovery pt,U09DB13JAD8,1759207416.884969,
!throw 50 <@U09DASAU350> ,U09E44Y8KGQ,1759198465.794789,
!lift day uno ,U09E44Y8KGQ,1759193151.865989,
!lift day 1 <@U09DB6PQ350> ,U09E43UKLRE,1759192668.929179,1759192668.929179
!throw 75,U09E43UKLRE,1759192687.293209,1759192668.929179
!throw 45,U09DB6PQ350,1759192766.470209,1759192668.929179
!upper !recovery pt,U09DFCG1PLL,1759190253.376459,
!throw 35 taught an IM team how to throw a flick,U09DC01N2EA,1759189066.488519,
!lift day 1 as well,U09DGGMTWNA,1759186020.494259,
!recovery PT stretch and strength stuff,U09DGGMTWNA,1759186009.564529,
!recovery some hammy strength exercise + recreational gymnastics,U09D9JCTUCV,1759185898.342859,
!recovery resting hella type shit and pt appt today - i’m now allowed to through lightly for up to 15 minutes a day ,U08SA17NKTN,1759174270.914449,
!throw 40 <@U08SA14R804> <@U09DASAU350> ,U09DFCG1PLL,1759173932.957959,1759173932.957959
!throw 30,U09E44224QG,1759178915.573189,1759173932.957959
*Leaderboard Update*,U09EDJW5A14,1759151333.123739,1759151333.123739
"*Full Throwing Leaderboard*
*1. Flavius Penescu* with 502 minutes
*2. Jackson Armstrong* with 447 minutes
*3. David Baker* with 390 minutes
*4. Sam Grossberg* with 380 minutes
*5. Ethan AC* with 350 minutes
*6. Connor Case* with 345 minutes
*7. Adam Grossberg* with 320 minutes
*8. J.D. Cheng* with 310 minutes
*9. Ganden Fung* with 290 minutes
*10. Ivan Sanchez* with 270 minutes
*11. Stefan McCall* with 235 minutes
*12. Grover Grendzinski* with 232 minutes
*13. Sammyg024 G* with 230 minutes
*14. Dhruvsai Dhulipudi* with 230 minutes
*15. Phillip Markovitz* with 225 minutes
*16. Adithya Deepak* with 215 minutes
*17. Owen Hammond-Lee* with 215 minutes
*18. Keller Smith* with 200 minutes
*19. Neal Zeng* with 185 minutes
*20. Philip* with 185 minutes
*21. Camilo Castrillon* with 180 minutes
*22. Ephraim Connor* with 180 minutes
*23. Matthew Greenberg* with 180 minutes
*24. Nicholas Andrews* with 120 minutes
*25. John Davis* with 80 minutes
*26. Nikos Verlenden* with 75 minutes
",U09EDJW5A14,1759151335.141909,1759151333.123739
"*Full Workout Leaderboard*
*1. Owen Hammond-Lee* with 13.0 points
*2. Nicholas Andrews* with 11.0 points
*3. Sam Grossberg* with 10.5 points
*4. Grover Grendzinski* with 10.5 points
*5. Ethan AC* with 9.5 points
*6. David Baker* with 9.5 points
*7. Sammyg024 G* with 9.0 points
*8. Matthew Greenberg* with 9.0 points
*9. Ivan Sanchez* with 9.0 points
*10. Adam Grossberg* with 7.5 points
*11. Keller Smith* with 7.0 points
*12. J.D. Cheng* with 6.5 points
*13. Ephraim Connor* with 6.5 points
*14. Adithya Deepak* with 6.5 points
*15. Camilo Castrillon* with 6.0 points
*16. John Davis* with 6.0 points
*17. Philip* with 6.0 points
*18. Connor Case* with 6.0 points
*19. Flavius Penescu* with 5.0 points
*20. Neal Zeng* with 5.0 points
*21. Phillip Markovitz* with 4.5 points
*22. Ganden Fung* with 4.5 points
*23. Jackson Armstrong* with 4.5 points
*24. Stefan McCall* with 4.5 points
*25. Dhruvsai Dhulipudi* with 3.5 points
",U09EDJW5A14,1759151335.413009,1759151333.123739
*Team Semester Progress:* 19% of goal reached,U09EDJW5A14,1759151341.024039,1759151333.123739
!cardio,U09E6TNLD7D,1759820591.290179,
!recovery pt,U09DB13JAD8,1759805700.506399,
!throw 30,U09E4RP4LDN,1759794045.388999,
!upper and !recovery ,U09DFCG1PLL,1759772938.173659,
*Leaderboard Update*,U09EDJW5A14,1760372255.974129,1760372255.974129
"*Full Throwing Leaderboard*
*1. David Baker* with 645 minutes
*2. Flavius Penescu* with 627 minutes
*3. Sam Grossberg* with 613 minutes
*4. Ethan AC* with 590 minutes
*5. Jackson Armstrong* with 573 minutes
*6. Connor Case* with 550 minutes
*7. J.D. Cheng* with 520 minutes
*8. Grover Grendzinski* with 430 minutes
*9. Adam Grossberg* with 425 minutes
*10. Ganden Fung* with 410 minutes
*11. Owen Hammond-Lee* with 403 minutes
*12. Ivan Sanchez* with 395 minutes
*13. Sammyg024 G* with 395 minutes
*14. Stefan McCall* with 385 minutes
*15. Dhruvsai Dhulipudi* with 358 minutes
*16. Keller Smith* with 335 minutes
*17. Philip* with 310 minutes
*18. Matthew Greenberg* with 310 minutes
*19. Camilo Castrillon* with 307 minutes
*20. Adithya Deepak* with 295 minutes
*21. Phillip Markovitz* with 285 minutes
*22. Neal Zeng* with 268 minutes
*23. Ephraim Connor* with 240 minutes
*24. Nikos Verlenden* with 200 minutes
*25. John Davis* with 163 minutes
*26. Nicholas Andrews* with 120 minutes
",U09EDJW5A14,1760372257.806399,1760372255.974129
"*Full Workout Leaderboard*
*1. Owen Hammond-Lee* with 18.0 points
*2. Nicholas Andrews* with 16.5 points
*3. Ethan AC* with 16.0 points
*4. Grover Grendzinski* with 16.0 points
*5. Sam Grossberg* with 15.5 points
*6. David Baker* with 14.5 points
*7. Sammyg024 G* with 14.0 points
*8. Matthew Greenberg* with 14.0 points
*9. Ivan Sanchez* with 14.0 points
*10. Adam Grossberg* with 12.5 points
*11. J.D. Cheng* with 11.5 points
*12. Connor Case* with 10.0 points
*13. Flavius Penescu* with 10.0 points
*14. Camilo Castrillon* with 9.5 points
*15. Philip* with 9.0 points
*16. Jackson Armstrong* with 8.5 points
*17. Keller Smith* with 8.5 points
*18. Adithya Deepak* with 8.5 points
*19. Ephraim Connor* with 8.0 points
*20. John Davis* with 8.0 points
*21. Ganden Fung* with 7.5 points
*22. Neal Zeng* with 7.0 points
*23. Phillip Markovitz* with 6.0 points
*24. Stefan McCall* with 6.0 points
*25. Dhruvsai Dhulipudi* with 5.0 points
*26. Nikos Verlenden* with 0.5 points
",U09EDJW5A14,1760372258.337389,1760372255.974129
*Team Semester Progress:* 45% of goal reached,U09EDJW5A14,1760372264.619649,1760372255.974129
!lift <@U09DCAD8MSS> <@U09DCRQ24PP> earlier this morning ,U09D72BBN59,1760364734.232989,
!throw 40,U09DCTQTYGJ,1760326838.103199,
!recovery getting back to PT routine,U09D9SV9821,1760324376.858609,
!throw 35 <@U09DB13JAD8> ,U09E44Y8KGQ,1760319498.827049,
!throw 67 ,U09D72BBN59,1760319246.022109,
!throw 10,U09E44224QG,1760316025.444439,
!cardio 20 min swim,U09E49X4YQG,1760310333.509059,
!throw 45 <@U09E4RP4LDN> ,U09E49X4YQG,1760226109.871589,
,U09DGGMTWNA,1760225342.758159,
!throw 15,U09DGGMTWNA,1760225314.342069,
!throw 20,U09DB6PQ350,1760219853.901969,
!lift yesterday morning !upper today with freaky alumni ,U09D72BBN59,1760215336.893449,
!throw 60 !lift 1 this week,U09DASAU350,1760213968.399989,
!throw 30 <@U09DB13JAD8> <@U09DA8TV091> ,U09E44Y8KGQ,1760200662.111399,1760200662.111399
!throw 20,U09DB6PQ350,1760201999.465799,1760200662.111399
!throw 10,U08SA11U9U4,1760202455.058889,1760200662.111399
!throw 10,U09DC98LVQW,1760219224.439949,1760200662.111399
!throw 25 and break mark party warm up,U09CY97SZBR,1760144820.537689,1760144820.537689
!throw 25,U09E59QR3KJ,1760145348.193789,1760144820.537689
!lift Wednesday !upper pull Monday,U09E59QR3KJ,1760145370.884149,1760144820.537689
!throw 25 <@U09DCAD8MSS> this morning ,U09DCRQ24PP,1760135923.253889,
!recovery PT !cardio 1 hour exercise bike,U09E49X4YQG,1760135533.014169,
!lift,U09DC01N2EA,1760133219.667999,1760133219.667999
!throw 20,U09DC01N2EA,1760136918.179839,1760133219.667999
!throw 15,U09D9SV9821,1760126176.967099,
!upper all respect to those that break they neck to keep they :woman-tipping-hand:s in check ,U09E44Y8KGQ,1760123016.270409,
!lift day 1 lighter,U09E43UKLRE,1760119590.871059,1760119590.871059
!throw 25,U09E43UKLRE,1760135872.865909,1760119590.871059
!throw 20,U09DCRQ24PP,1760138469.773339,1760119590.871059
!cardio !gym !upper we actually doing real workouts for PT this week,U09E6TNLD7D,1760115276.141839,
!cardio bike !recovery stretching workout pod abandoned me,U09DCTQTYGJ,1760110829.047689,
!throw 30 <@U09DB6PQ350> <@U09DCRQ24PP> <@U09DC01N2EA> ,U09E43UKLRE,1760068673.857849,1760068673.857849
!throw 10,U09DCRQ24PP,1760069203.761969,1760068673.857849
!throw 10,U09DC01N2EA,1760069899.568599,1760068673.857849
!throw 20 <@U09DGGMTWNA> ,U09E49X4YQG,1760067026.006759,
!throw 23 <@U09DA8TV091> <@U09E44Y8KGQ> <@U09D9JCTUCV> ,U09E44224QG,1760054080.738419,1760054080.738419
!throw 20,U09DCTQTYGJ,1760054121.873649,1760054080.738419
"!throw 20 <@U08SA14R804> yesterday tw
",U08SA17NKTN,1760042904.435859,
!throw 30,U09DC98LVQW,1760039765.758739,1760039765.758739
!throw 20,U09DCRQ24PP,1760042105.282739,1760039765.758739
!throw 45 <@U09DFCG1PLL> ,U09DGGMTWNA,1760034393.647559,1760034393.647559
!throw 27 ,U09E44224QG,1760034411.715459,1760034393.647559
!throw 30,U09E49X4YQG,1760035894.352829,1760034393.647559
!throw 15 <@U09DFCG1PLL> <@U09DGGMTWNA> ,U09E4RP4LDN,1760032099.334589,
!throw 35 today and yesterday morning <@U09E59QR3KJ> ,U09CY97SZBR,1760017986.206089,
!throw 45 <@U09DGGMTWNA> !recovery PT this morning !recovery deep stretch 30 min,U09E49X4YQG,1759982323.618129,
!gym ,U09DB13JAD8,1759981325.152929,
!lift 1,U09DB6PQ350,1759979832.635049,
!throw 35,U09E43UKLRE,1759970313.329069,
!lift wawn,U09DC98LVQW,1759970181.079769,1759970181.079769
!throw 20 Monday !recovery yoga,U09DC98LVQW,1759970226.578619,1759970181.079769
!lift day tree :deciduous_tree: ,U09E44Y8KGQ,1759962880.791559,
!throw 25 ,U09E49X4YQG,1759943101.918049,
!throw 40 <@U08SA17NKTN> ,U09DCAD8MSS,1759934573.335239,
,U08SA14R804,1759928018.705739,
!lift 1,U08SA14R804,1759927999.918729,
!lift <@U09DCRQ24PP> ,U09DCAD8MSS,1759925184.591949,
!lift day 2 ,U09DGGMTWNA,1759893307.092039,
!workout <@U09DFCG1PLL> <@U09E59QR3KJ> <@U09DA8TV091> + Nikos,U09E44224QG,1759884907.071939,
!recovery PT lift ,U09DFCG1PLL,1759864466.987649,
"*Weekly Update!*
Overall Progress: 7/26 reached one lift
10.5 points of lifts
*Team Weekly Progress:* 26% of goal reached",U09BZRB5LMQ,1760792532.915449,1760792532.915449
"*Under one lift:*
<@U08SA14R804>
<@U09CY97SZBR>
<@U08SA11U9U4>
<@U09DASAU350>
<@U09DA8TV091>
<@U09D9JCTUCV>
<@U09D6BCJNJX>
<@U08SA17NKTN>
<@U09DC98LVQW>
<@U09DCTQTYGJ>
<@U09DB13JAD8>
<@U09DFCG1PLL>
<@U09DGGMTWNA>
<@U09E44224QG>
<@U09E44Y8KGQ>
<@U09E49X4YQG>
<@U09E4RP4LDN>
<@U09E59QR3KJ>
<@U09E6TNLD7D>",U09BZRB5LMQ,1760792536.270799,1760792532.915449
"*Weekly Update!*
Overall Progress: 1/26 reached 60 minutes
223 total minutes of throwing
:star2: thrower: <@U09E43UKLRE> with 70 minutes
*Team Weekly Progress:* 13% of goal reached",U09BZRB5LMQ,1760792524.045209,1760792524.045209
"*Under 60 minutes:*
<@U09E49X4YQG> - 15 minutes left
<@U09D72BBN59> - 20 minutes left
<@U09DB13JAD8> - 36 minutes left
<@U09DC98LVQW> - 36 minutes left
<@U09DGGMTWNA> - 40 minutes left
<@U08SA14R804> - 60 minutes left
<@U08SA17NKTN> - 60 minutes left
<@U09CY97SZBR> - 60 minutes left
<@U08SA11U9U4> - 60 minutes left
<@U09DASAU350> - 60 minutes left
<@U09DA8TV091> - 60 minutes left
<@U09D9SV9821> - 60 minutes left
<@U09D9JCTUCV> - 60 minutes left
<@U09D6BCJNJX> - 60 minutes left
<@U09DCAD8MSS> - 60 minutes left
<@U09DB6PQ350> - 60 minutes left
<@U09DC01N2EA> - 60 minutes left
<@U09DFCG1PLL> - 60 minutes left
<@U09DCTQTYGJ> - 60 minutes left
<@U09DCRQ24PP> - 60 minutes left
<@U09E44224QG> - 60 minutes left
<@U09E44Y8KGQ> - 60 minutes left
<@U09E4RP4LDN> - 60 minutes left
<@U09E59QR3KJ> - 60 minutes left
<@U09E6TNLD7D> - 60 minutes left",U09BZRB5LMQ,1760792527.446089,1760792524.045209
*Leaderboard Update*,U09BZRB5LMQ,1760462769.708849,1760462769.708849
"*Full Throwing Leaderboard*
*1. David Baker* with 690 minutes
*2. Flavius Penescu* with 627 minutes
*3. Connor Case* with 620 minutes
*4. Sam Grossberg* with 613 minutes
*5. Ethan AC* with 610 minutes
*6. Jackson Armstrong* with 573 minutes
*7. J.D. Cheng* with 520 minutes
*8. Grover Grendzinski* with 430 minutes
*9. Adam Grossberg* with 425 minutes
*10. Ivan Sanchez* with 419 minutes
*11. Ganden Fung* with 410 minutes
*12. Owen Hammond-Lee* with 403 minutes
*13. Sammyg024 G* with 395 minutes
*14. Stefan McCall* with 385 minutes
*15. Dhruvsai Dhulipudi* with 358 minutes
*16. Camilo Castrillon* with 347 minutes
*17. Keller Smith* with 335 minutes
*18. Adithya Deepak* with 319 minutes
*19. Matthew Greenberg* with 310 minutes
*20. Philip* with 310 minutes
*21. Phillip Markovitz* with 285 minutes
*22. Neal Zeng* with 268 minutes
*23. Ephraim Connor* with 240 minutes
*24. Nikos Verlenden* with 200 minutes
*25. John Davis* with 163 minutes
*26. Nicholas Andrews* with 120 minutes
",U09BZRB5LMQ,1760462771.451539,1760462769.708849
"*Full Workout Leaderboard*
*1. Owen Hammond-Lee* with 18.0 points
*2. Grover Grendzinski* with 17.0 points
*3. Nicholas Andrews* with 16.5 points
*4. Ethan AC* with 16.0 points
*5. David Baker* with 16.0 points
*6. Sam Grossberg* with 15.5 points
*7. Sammyg024 G* with 14.0 points
*8. Matthew Greenberg* with 14.0 points
*9. Ivan Sanchez* with 14.0 points
*10. J.D. Cheng* with 13.0 points
*11. Adam Grossberg* with 12.5 points
*12. Connor Case* with 11.5 points
*13. Flavius Penescu* with 10.0 points
*14. Camilo Castrillon* with 9.5 points
*15. Jackson Armstrong* with 9.0 points
*16. Philip* with 9.0 points
*17. Ganden Fung* with 9.0 points
*18. Keller Smith* with 8.5 points
*19. Adithya Deepak* with 8.5 points
*20. John Davis* with 8.0 points
*21. Ephraim Connor* with 8.0 points
*22. Phillip Markovitz* with 7.5 points
*23. Neal Zeng* with 7.0 points
*24. Stefan McCall* with 6.0 points
*25. Dhruvsai Dhulipudi* with 5.0 points
*26. Nikos Verlenden* with 0.5 points
",U09BZRB5LMQ,1760462772.690209,1760462769.708849
*Team Semester Progress:* 46% of goal reached,U09BZRB5LMQ,1760462778.507859,1760462769.708849
!recovery !recovery stretching bandwork prehab type shi,U09E44Y8KGQ,1760411950.874519,
!throw 24 <@U09DB13JAD8>,U09DC98LVQW,1760407951.708249,
!throw 45,U09E49X4YQG,1760405244.156309,1760405244.156309
!recovery PT this morning,U09E49X4YQG,1760407315.355339,1760405244.156309
,U09DGGMTWNA,1760405239.990829,
!throw 20,U09DGGMTWNA,1760405217.490279,
!cardio 30 min stair master ,U09E49X4YQG,1760401915.872069,
!lift <@U09E43UKLRE> <@U09DB6PQ350> ,U09DC01N2EA,1760400329.946269,1760400329.946269
!throw 70,U09E43UKLRE,1760400344.164189,1760400329.946269
!upper,U09E44224QG,1760396268.833429,
!throw 40 ,U09D72BBN59,1760382735.282489,
!lift 1 and hip thrusts guuuu,U09D9SV9821,1760382224.178069,
!recovery PT exercises !cardio 15 min bike,U09E49X4YQG,1760502226.826169,
!throw 25 pre prac <@U09DC01N2EA> ,U09DB6PQ350,1760496466.162999,1760496466.162999
!throw 5,U09DFCG1PLL,1760496986.596619,1760496466.162999
!throw 20,U09DC98LVQW,1760498350.852929,1760496466.162999
!throw 5,U08SA11U9U4,1760498690.270479,1760496466.162999
!throw 10 <@U0973N45S4V>,U08SA14R804,1760498720.165789,1760496466.162999
!throw 15 <@U08SA17NKTN> ,U08SA14R804,1760469751.425689,
!throw 37,U09E44224QG,1760468402.867159,
!throw 35 <@U09DFCG1PLL>,U09DC98LVQW,1760464431.947769,1760464431.947769
!throw 25,U08SA14R804,1760467602.962729,1760464431.947769
!throw 20,U08SA11U9U4,1760469200.463699,1760464431.947769
"!recovery PT lift today, !recovery mobility/stretching yesterday ",U09DFCG1PLL,1760459375.660169,
!lift 1 <@U09E59QR3KJ> <@U09D9JCTUCV> ,U08SA14R804,1760453566.119479,1760453566.119479
!throw 20 <@U09E59QR3KJ> ,U08SA14R804,1760467582.839679,1760453566.119479
!throw 10 <@U09E59QR3KJ> ,U09CY97SZBR,1760448549.982749,
!throw 30 <@U09DASAU350> earlier,U09E49X4YQG,1760584778.680279,
!lift day 1,U09DGGMTWNA,1760584395.712469,
!lift one <@U09E4RP4LDN> <@U09E4RP4LDN> ,U09DB13JAD8,1760575218.668649,1760575218.668649
Are we DA rn,U09D6BCJNJX,1760578645.291749,1760575218.668649
!throw 35 <@U09E43UKLRE> ,U09DCRQ24PP,1760571799.737959,1760571799.737959
!throw 15,U09E43UKLRE,1760585413.610829,1760571799.737959
!throw 20 pre praccy <@U09DA8TV091> <@U09E4RP4LDN> ,U09D72BBN59,1760553323.640429,
!throw 30,U09DCAD8MSS,1760550735.314839,1760550735.314839
!throw 15 before practice ,U09DCAD8MSS,1760550750.562259,1760550735.314839
!cardio bike 40,U09E49X4YQG,1760548350.343119,
!gym,U09DCRQ24PP,1760548144.638759,
!lift <@U09E44224QG> <@U09DCTQTYGJ> ,U09CY97SZBR,1760541092.982629,1760541092.982629
cute,U09DFCG1PLL,1760541177.131819,1760541092.982629
!throw 15 b4/after practice,U09DCTQTYGJ,1760551339.144459,1760541092.982629
!throw 30 <@U09E49X4YQG> ,U09E4RP4LDN,1760655145.523019,
,U09DGGMTWNA,1760652793.331039,
!throw 20 at burgs,U09DGGMTWNA,1760652777.311409,
!throw 20 <@U09E44224QG> ,U09E43UKLRE,1760638497.114349,1760638497.114349
!throw 2 <@U09E43UKLRE> ,U09E44224QG,1760638527.203719,1760638497.114349
!throw 10,U08SA17NKTN,1760640228.136639,1760638497.114349
!recovery pt appt this mornin,U08SA17NKTN,1760640247.727979,1760638497.114349
!throw 25 <@U09DASAU350> ,U09DFCG1PLL,1760637769.776919,1760637769.776919
!throw 15,U09DC98LVQW,1760640135.538179,1760637769.776919
!throw 20 <@U09D6BCJNJX> <@U08SA14R804>,U09DCTQTYGJ,1760635328.088589,
"!recovery pt lift today, !recovery mobility and stretching yesterday ",U09DFCG1PLL,1760631318.734629,
!throw 45 <@U09DGGMTWNA>,U09DCTQTYGJ,1760630519.688509,
!lift one Ivan forgot to @ me yesterday,U09D6BCJNJX,1760626507.555129,1760626507.555129
 Wait i pinged stef twice :skull:,U09DB13JAD8,1760626709.568829,1760626507.555129
Goober,U09D6BCJNJX,1760626727.462899,1760626507.555129
!throw 15 <@U09E59QR3KJ> ,U09CY97SZBR,1760625589.242539,
!throw 25 <@U08SA14R804> ,U08SA17NKTN,1760624522.716739,
!throw 5 <@U09D9SV9821> <@U09DA8TV091> <@U09DB13JAD8> ,U09DB6PQ350,1760757272.690469,1760757272.690469
!throw 25 yesterday,U09DB6PQ350,1760757343.666079,1760757272.690469
!throw 45,U08SA11U9U4,1760750833.760549,
!throw 15 <@U09E4RP4LDN> <@U09DCTQTYGJ> ,U09DCAD8MSS,1760750211.599139,
!throw 36,U09DB13JAD8,1760720568.175049,
!recovery PT type blizzle ,U09E49X4YQG,1760707012.682759,
!wedding !recovery this morning ,U08SA17NKTN,1760823910.958369,
!throw 35 <@U09CY97SZBR> ,U09E44224QG,1760796152.972829,
!throw 25 <@U09DCRQ24PP> <@U09E59QR3KJ> ain’t no lie baby bye bye bye,U09E44Y8KGQ,1760795540.069219,1760795540.069219
!throw 25 <@U09E49X4YQG> ,U09DB6PQ350,1760795596.315059,1760795540.069219
!throw 10 <@U09DC98LVQW> ,U09E44Y8KGQ,1760821450.159079,1760795540.069219
!throw 20,U09DC01N2EA,1760830547.093269,1760795540.069219
!throw 15 and !dih golf during bye,U09DASAU350,1760930056.743099,
!flat,U09CY97SZBR,1760901966.999609,
!recovery pt,U09DB13JAD8,1761021524.051719,
!upper and !recovery mobility work ,U09DFCG1PLL,1761013119.443809,
!throw 70,U09E43UKLRE,1761005706.851479,
!throw 50,U09DC01N2EA,1761003488.894689,
!cardio lil run,U09DCRQ24PP,1761001599.889529,
*Leaderboard Update*,U09EDJW5A14,1760983877.397499,1760983877.397499
"*Full Throwing Leaderboard*
*1. David Baker* with 835 minutes
*2. Flavius Penescu* with 722 minutes
*3. Connor Case* with 692 minutes
*4. Sam Grossberg* with 683 minutes
*5. Jackson Armstrong* with 682 minutes
*6. Ethan AC* with 675 minutes
*7. J.D. Cheng* with 600 minutes
*8. Adam Grossberg* with 540 minutes
*9. Owen Hammond-Lee* with 473 minutes
*10. Grover Grendzinski* with 465 minutes
*11. Ivan Sanchez* with 460 minutes
*12. Ganden Fung* with 455 minutes
*13. Sammyg024 G* with 455 minutes
*14. Stefan McCall* with 450 minutes
*15. Matthew Greenberg* with 405 minutes
*16. Adithya Deepak* with 399 minutes
*17. Keller Smith* with 395 minutes
*18. Dhruvsai Dhulipudi* with 383 minutes
*19. Philip* with 370 minutes
*20. Camilo Castrillon* with 367 minutes
*21. Neal Zeng* with 338 minutes
*22. Phillip Markovitz* with 290 minutes
*23. Ephraim Connor* with 260 minutes
*24. Nikos Verlenden* with 250 minutes
*25. John Davis* with 163 minutes
*26. Nicholas Andrews* with 120 minutes
",U09EDJW5A14,1760983879.204039,1760983877.397499
"*Full Workout Leaderboard*
*1. Owen Hammond-Lee* with 19.5 points
*2. David Baker* with 19.0 points
*3. Ethan AC* with 17.5 points
*4. Grover Grendzinski* with 17.0 points
*5. Nicholas Andrews* with 16.5 points
*6. Ivan Sanchez* with 15.5 points
*7. Sam Grossberg* with 15.5 points
*8. Matthew Greenberg* with 15.5 points
*9. Sammyg024 G* with 15.0 points
*10. Adam Grossberg* with 14.0 points
*11. J.D. Cheng* with 13.0 points
*12. Flavius Penescu* with 12.0 points
*13. Connor Case* with 11.5 points
*14. Jackson Armstrong* with 10.5 points
*15. Keller Smith* with 10.0 points
*16. Ephraim Connor* with 9.5 points
*17. John Davis* with 9.5 points
*18. Camilo Castrillon* with 9.5 points
*19. Ganden Fung* with 9.0 points
*20. Philip* with 9.0 points
*21. Stefan McCall* with 9.0 points
*22. Adithya Deepak* with 8.5 points
*23. Phillip Markovitz* with 7.5 points
*24. Neal Zeng* with 7.0 points
*25. Dhruvsai Dhulipudi* with 5.0 points
*26. Nikos Verlenden* with 1.5 points
",U09EDJW5A14,1760983879.517559,1760983877.397499
*Team Semester Progress:* 52% of goal reached,U09EDJW5A14,1760983885.091269,1760983877.397499
!throw 30,U09DFCG1PLL,1760976414.620799,1760976414.620799
!throw 15,U09E44224QG,1760976827.219469,1760976414.620799
!throw 60,U09E49X4YQG,1760978385.340369,1760976414.620799
!throw 15 with eph and AC on tg,U09DC98LVQW,1761094437.620099,
!throw 30 this morning and before practice <@U09E59QR3KJ> ,U09CY97SZBR,1761092160.672139,1761092160.672139
How much did we throw before practice <@U09CY97SZBR> ,U09DC01N2EA,1761094965.729359,1761092160.672139
15,U09CY97SZBR,1761101408.043689,1761092160.672139
I think,U09CY97SZBR,1761101410.913659,1761092160.672139
Okay thanks,U09DC01N2EA,1761102496.565639,1761092160.672139
!throw 15,U09DC01N2EA,1761102501.916539,1761092160.672139
!throw 40 b4 <@U09DFCG1PLL>,U09DCTQTYGJ,1761091567.145519,1761091567.145519
!throw 18 b4,U09DB13JAD8,1761092487.530179,1761091567.145519
!throw 25,U09DCRQ24PP,1761093294.249609,1761091567.145519
!throw 20,U08SA11U9U4,1761101233.567949,1761091567.145519
!throw 30,U09DA8TV091,1761104911.890479,1761091567.145519
!throw 30 <@U09DA8TV091> <@U09DASAU350> earlier ,U09DFCG1PLL,1761074290.091809,1761074290.091809
!recovery pt exercises today ,U09DFCG1PLL,1761074310.837229,1761074290.091809
!throw 20 <@U08SA14R804> ,U08SA17NKTN,1761073960.344329,
!throw 63,U09E44224QG,1761073520.749109,
"!lift day 1
!recovery ankle movements",U09DB6PQ350,1761194656.422559,
,U09DGGMTWNA,1761192095.645809,
!recovery,U09DGGMTWNA,1761192080.033739,
!throw 45 <@U09E49X4YQG> at burger,U09DGGMTWNA,1761192073.750459,1761192073.750459
!recovery PT !cardio stairmaster,U09E49X4YQG,1761198038.136909,1761192073.750459
!throw 80 break mark and focus throw,U09DB6PQ350,1761173331.599819,1761173331.599819
!throw 50,U09DB6PQ350,1761176589.073239,1761173331.599819
!throw 105,U09E43UKLRE,1761177328.382839,1761173331.599819
!gym,U09DCRQ24PP,1761150969.087949,
!cardio bike !recovery shoulder and ankle strengthening,U09DCTQTYGJ,1761149002.457099,1761149002.457099
I’d do it,U09E49X4YQG,1761149480.845389,1761149002.457099
Smitten,U09D9SV9821,1761151487.244439,1761149002.457099
!throw 20 yesterday before practice,U09D9JCTUCV,1761145936.974789,1761145936.974789
!throw 20 ,U09DASAU350,1761145952.662139,1761145936.974789
!throw 15,U08SA17NKTN,1761145983.114449,1761145936.974789
!throw 30 yesterday on tg ,U09DGGMTWNA,1761145682.985639,
!lift 1 and some ankle work,U09DB6PQ350,1761795552.189709,
!lift this afternoon,U09DCAD8MSS,1761778450.358729,
!recovery type shi gotta see these ankle weights,U09D9SV9821,1761770912.010729,
!cardio bike !throw 30 before practice yesterday,U09DCTQTYGJ,1761765246.512989,
!throw 15,U09DGGMTWNA,1761687287.062609,1761687287.062609
!throw 15 before practice plus !throw 30 with fam this past sunday ,U09DFCG1PLL,1761697168.035399,1761687287.062609
!throw 15 pre practice,U09E44224QG,1761700711.356809,1761687287.062609
!throw 10 pre praccy,U09E49X4YQG,1761713007.565659,1761687287.062609
!throw 20,U09DCRQ24PP,1761746436.238609,1761687287.062609
!throw 30 pre practice ,U09DA8TV091,1761751265.224159,1761687287.062609
!throw 60 ,U09D72BBN59,1761682811.913649,
!throw 15,U08SA11U9U4,1761676708.153439,1761676708.153439
!throw 35,U09DCTQTYGJ,1761676772.535209,1761676708.153439
!throw 20,U08SA14R804,1761678922.953209,1761676708.153439
!throw 90,U09E44224QG,1761679774.786089,1761676708.153439
!throw 20 ,U09DFCG1PLL,1761686273.362979,1761676708.153439
!throw 20,U09DASAU350,1761772036.361109,1761676708.153439
!recovery adductor stuff,U09D9SV9821,1761673069.648099,
!recovery,U09DGGMTWNA,1761619396.526789,
!throw 30 <@U09E49X4YQG> ,U09DGGMTWNA,1761619392.787129,
,U09DGGMTWNA,1761619387.940479,1761619387.940479
"!cardio 30 exercise bike, !recovery PT exercises",U09E49X4YQG,1761619588.093859,1761619387.940479
!recovery mobility work + !cardio zone 2 run ,U09DFCG1PLL,1761616127.022939,
!recovery sauna,U09E49X4YQG,1761611262.725439,
!lift 1 for last week,U09DC98LVQW,1761609934.325879,
!cardio <@U09DB6PQ350> <@U09DCRQ24PP> ,U09E43UKLRE,1761609880.622379,1761609880.622379
!upper,U09DB6PQ350,1761610751.736459,1761609880.622379
!throw 25 <@U09DCTQTYGJ> <@U08SA11U9U4> ,U09D9SV9821,1761598909.720229,
!lift 2 !recovery sauna plus shoulder stuff,U09DCTQTYGJ,1761590125.291859,1761590125.291859
Great selfie c bucket,U09DB13JAD8,1761590335.106829,1761590125.291859
They fixed sauna? Let me hit that up,U09E49X4YQG,1761593361.695209,1761590125.291859
Also do yall know where to find schedules for those rooms I swear there always locked when I come ,U09E49X4YQG,1761594464.481769,1761590125.291859
<https://library.gatech.edu/spaces-technology/reserve/study-rooms> <@U09E49X4YQG>,U09DB13JAD8,1761594513.205369,1761590125.291859
oh wait you meant the sauna nvm,U09DB13JAD8,1761594535.175379,1761590125.291859
"Idk, it's open most of the time",U09DCTQTYGJ,1761594572.436259,1761590125.291859
Nah I’m talking about the rooms in the crc upstrais like there’s always classes,U09E49X4YQG,1761597943.246499,1761590125.291859
,U09DFCG1PLL,1761599732.613249,1761590125.291859
For some reason it doesn’t have the studio B schedule tho ,U09DFCG1PLL,1761599736.133039,1761590125.291859
!recovery pt,U09E49X4YQG,1761587733.651609,
!gym &lt;— back gets angry then pt —&gt; !recovery !recovery !recovery !recovery !recovery !recovery !recovery !recovery hear me out… I’ve been forgetting to post for a few weeks but I’ve still working out and fixing my back,U09E6TNLD7D,1761586627.553979,
*Leaderboard Update*,U09EDJW5A14,1761570615.989119,1761570615.989119
"*Full Throwing Leaderboard*
*1. David Baker* with 955 minutes
*2. Connor Case* with 892 minutes
*3. Sam Grossberg* with 853 minutes
*4. J.D. Cheng* with 851 minutes
*5. Ethan AC* with 835 minutes
*6. Jackson Armstrong* with 830 minutes
*7. Flavius Penescu* with 792 minutes
*8. Adam Grossberg* with 650 minutes
*9. Owen Hammond-Lee* with 553 minutes
*10. Ivan Sanchez* with 533 minutes
*11. Grover Grendzinski* with 525 minutes
*12. Ganden Fung* with 520 minutes
*13. Sammyg024 G* with 515 minutes
*14. Stefan McCall* with 510 minutes
*15. Keller Smith* with 475 minutes
*16. Matthew Greenberg* with 470 minutes
*17. Dhruvsai Dhulipudi* with 463 minutes
*18. Adithya Deepak* with 459 minutes
*19. Philip* with 430 minutes
*20. Camilo Castrillon* with 427 minutes
*21. Neal Zeng* with 403 minutes
*22. Ephraim Connor* with 320 minutes
*23. Nikos Verlenden* with 310 minutes
*24. Phillip Markovitz* with 290 minutes
*25. John Davis* with 193 minutes
*26. Nicholas Andrews* with 120 minutes
",U09EDJW5A14,1761570617.638709,1761570615.989119
"*Full Workout Leaderboard*
*1. Sam Grossberg* with 21.0 points
*2. Owen Hammond-Lee* with 21.0 points
*3. David Baker* with 20.5 points
*4. Ethan AC* with 20.0 points
*5. Grover Grendzinski* with 19.5 points
*6. Matthew Greenberg* with 18.5 points
*7. Sammyg024 G* with 18.5 points
*8. Ivan Sanchez* with 17.5 points
*9. Nicholas Andrews* with 16.5 points
*10. Adam Grossberg* with 15.0 points
*11. J.D. Cheng* with 15.0 points
*12. Flavius Penescu* with 14.0 points
*13. Connor Case* with 13.0 points
*14. Jackson Armstrong* with 12.0 points
*15. Keller Smith* with 11.5 points
*16. Camilo Castrillon* with 11.0 points
*17. Ephraim Connor* with 11.0 points
*18. Ganden Fung* with 10.5 points
*19. Philip* with 10.5 points
*20. John Davis* with 9.5 points
*21. Stefan McCall* with 9.0 points
*22. Neal Zeng* with 8.5 points
*23. Adithya Deepak* with 8.5 points
*24. Phillip Markovitz* with 7.5 points
*25. Dhruvsai Dhulipudi* with 5.0 points
*26. Nikos Verlenden* with 1.5 points
",U09EDJW5A14,1761570617.910519,1761570615.989119
*Team Semester Progress:* 60% of goal reached,U09EDJW5A14,1761570628.228079,1761570615.989119
!throw 90 !cardio,U08SA14R804,1761536353.102989,
!throw 20 fri-sun !lift ,U09D72BBN59,1761531065.947359,
!lift <@U09D6BCJNJX> ,U09DB13JAD8,1761528863.725649,1761528863.725649
!throw 40 assorted times and occasions,U09D6BCJNJX,1761531193.697969,1761528863.725649
!throw 40 <@U09D72BBN59> ,U09DB13JAD8,1761528824.794839,
!upper !recovery strextichng ,U09E44Y8KGQ,1761528246.111479,
!lift day 1,U09DGGMTWNA,1761528033.378419,
!throw 45 fri-sun,U08SA11U9U4,1761527405.113369,
!lift,U09DC01N2EA,1761523223.251389,
!throw 60 <@U09E4RP4LDN> <@U09DGGMTWNA> ,U09E49X4YQG,1761523051.362499,
!throw 25 <@U09E43UKLRE> ,U09DCRQ24PP,1761519629.062869,1761519629.062869
!throw 10 alum game ,U09DCRQ24PP,1761519657.276659,1761519629.062869
!lift ,U09DCRQ24PP,1761516888.757369,
!throw 45 this weekend,U09DC98LVQW,1761516669.222839,
!throw 30 <@U09E59QR3KJ> <@U09DCAD8MSS> ,U09CY97SZBR,1761515608.343699,1761515608.343699
!throw 10 at alumni game ,U09DCAD8MSS,1761515994.713329,1761515608.343699
!lift 1 Thursday,U09E59QR3KJ,1761540898.832639,1761515608.343699
,U09DB6PQ350,1761515602.617019,
!throw 106,U09DB6PQ350,1761515320.847089,
!lift,U09E43UKLRE,1761513537.007059,
!throw 15,U08SA17NKTN,1761504537.016779,
!throw 15 <@U09E49X4YQG> ,U09DGGMTWNA,1761495810.206899,
anyone interested in getting some throws rn,U09DGGMTWNA,1761433576.129719,
!throw 10 <@U09DA8TV091>,U09D9JCTUCV,1761399721.792059,1761399721.792059
!throw 10 <@U09DCTQTYGJ> ,U09E44Y8KGQ,1761399777.197579,1761399721.792059
!throw 15 thurs,U09DCTQTYGJ,1761399876.219219,1761399721.792059
!throw 15 <@U09DB13JAD8> ,U09DB6PQ350,1761401492.522819,1761399721.792059
!throw 120 !cardio !cardio !cardio !recovery !recovery !recovery !recovery !recovery,U09DASAU350,1761398810.686949,1761398810.686949
yo cardio during practice dont count,U09DB13JAD8,1761436400.136699,1761398810.686949
"*Weekly Update!*
Overall Progress: 6/26 reached one lift
9.0 points of lifts
*Team Weekly Progress:* 23% of goal reached",U09EDJW5A14,1761397333.197049,1761397333.197049
"*Under one lift:*
<@U08SA14R804>
<@U08SA17NKTN>
<@U09D6BCJNJX>
<@U09D72BBN59>
<@U09DASAU350>
<@U09DA8TV091>
<@U09D9SV9821>
<@U09D9JCTUCV>
<@U09DC98LVQW>
<@U09DC01N2EA>
<@U09DCRQ24PP>
<@U09DB13JAD8>
<@U09DFCG1PLL>
<@U09DGGMTWNA>
<@U09E43UKLRE>
<@U09E44224QG>
<@U09E49X4YQG>
<@U09E4RP4LDN>
<@U09E59QR3KJ>
<@U09E6TNLD7D>",U09EDJW5A14,1761397336.107919,1761397333.197049
"*Weekly Update!*
Overall Progress: 8/26 reached 60 minutes
1336 total minutes of throwing
:star2: thrower: <@U09E43UKLRE> with 175 minutes
*Team Weekly Progress:* 59% of goal reached",U09EDJW5A14,1761397323.577559,1761397323.577559
"*Under 60 minutes:*
<@U09DASAU350> - 10 minutes left
<@U09CY97SZBR> - 10 minutes left
<@U09E59QR3KJ> - 10 minutes left
<@U09E44Y8KGQ> - 10 minutes left
<@U08SA17NKTN> - 15 minutes left
<@U09DCTQTYGJ> - 20 minutes left
<@U09DCRQ24PP> - 35 minutes left
<@U08SA14R804> - 40 minutes left
<@U08SA11U9U4> - 40 minutes left
<@U09D9JCTUCV> - 40 minutes left
<@U09D6BCJNJX> - 40 minutes left
<@U09DCAD8MSS> - 40 minutes left
<@U09DB13JAD8> - 42 minutes left
<@U09DC98LVQW> - 45 minutes left
<@U09D9SV9821> - 60 minutes left
<@U09D72BBN59> - 60 minutes left
<@U09E4RP4LDN> - 60 minutes left
<@U09E6TNLD7D> - 60 minutes left",U09EDJW5A14,1761397326.751409,1761397323.577559
!recovery,U09DGGMTWNA,1761371077.637889,
!throw 10,U09DGGMTWNA,1761371072.801119,
!workout !throw 45 + 5 hour grading session :skull:,U09E44224QG,1761355626.817099,
!recovery mobility/pt,U09DFCG1PLL,1761340607.102319,
!lift day 1,U09E44Y8KGQ,1761340511.864419,
!lift Wednesday afternoon,U09DCAD8MSS,1761329240.617619,1761329240.617619
!throw 20 <@U09D6BCJNJX> pre practice Thursday ,U09DCAD8MSS,1761329258.656609,1761329240.617619
!lift 1,U08SA11U9U4,1761317413.350639,1761317413.350639
!lift 1 with <@U09CY97SZBR> thanks for the at,U09DCTQTYGJ,1761319898.123439,1761317413.350639
pre practice !throw 10  <@U09E44Y8KGQ> <@U08SA17NKTN> ,U09DA8TV091,1761284283.096829,
!throw 40 <@U09E44224QG> ,U09E44Y8KGQ,1761246162.807989,
!throw 20 <@U09E59QR3KJ> ,U09CY97SZBR,1761229711.284359,
